Time,Pressure,single,double,triple,move
2000/1/1,170,,,,
2000/1/2,191,170,,,289
2000/1/3,506,176.3,170,,541.6666667
2000/1/4,928,275.21,171.89,170,850
2000/1/5,1116,471.047,202.886,170.567,1472.333333
2000/1/6,2373,664.5329,283.3343,180.2627,2087
2000/1/7,2772,1177.07303,397.69388,211.18418,2771.666667
2000/1/8,3170,1655.551121,631.507625,267.13709,3153
2000/1/9,3517,2109.885785,938.7206738,376.4482505,3510
2000/1/10,3843,2532.020049,1290.070207,545.1299775,3971.333333
2000/1/11,4554,2925.314035,1662.65516,768.6120464,4427.666667
2000/1/12,4886,3413.919824,2041.452822,1036.82498,4930
2000/1/13,5350,3855.543877,2453.192923,1338.213333,5338
2000/1/14,5778,4303.880714,2873.898209,1672.70721,5058.666667
2000/1/15,4048,4746.1165,3302.89296,2033.06451,5399.333333
2000/1/16,6372,4536.68155,3735.860022,2414.013045,5662.333333
2000/1/17,6567,5087.277085,3976.10648,2810.567138,6576
2000/1/18,6789,5531.193959,4309.457662,3160.228941,6819.333333
2000/1/19,7102,5908.535772,4675.978551,3504.997557,7049
2000/1/20,7256,6266.57504,5045.745717,3856.291855,7257.666667
2000/1/21,7415,6563.402528,5411.994514,4213.128014,7384.666667
2000/1/22,7483,6818.88177,5757.416918,4572.787964,7553.666667
2000/1/23,7763,7018.117239,6075.856374,4928.17665,7743.333333
2000/1/24,7984,7241.582067,6358.534633,5272.480567,7267
2000/1/25,6054,7464.307447,6623.448863,5598.296787,7481.333333
2000/1/26,8406,7041.215213,6875.706438,5905.84241,7745.333333
2000/1/27,8776,7450.650649,6925.359071,6196.801619,8787.666667
2000/1/28,9181,7848.255454,7082.946544,6415.368854,9162.666667
2000/1/29,9531,8248.078818,7312.539217,6615.642161,9537
2000/1/30,9899,8632.955173,7593.201098,6824.711278,9970.666667
2000/1/31,10482,9012.768621,7905.12732,7055.258224,10389.66667
2000/2/1,10788,9453.538035,8237.41971,7310.218953,10832.33333
2000/2/2,11227,9853.876624,8602.255208,7588.37918,11254.66667
2000/2/3,11749,10265.81364,8977.741633,7892.541988,11260
2000/2/4,10804,10710.76955,9364.163234,8218.101882,11714.33333
2000/2/5,12590,10738.73868,9768.145127,8561.920287,12094.33333
2000/2/6,12889,11294.11708,10059.32319,8923.787739,12880.66667
2000/2/7,13163,11772.58195,10429.76136,9264.448376,13167.33333
2000/2/8,13450,12189.70737,10832.60754,9614.042271,13439.33333
2000/2/9,13705,12567.79516,11239.73749,9979.611851,13710.66667
2000/2/10,13977,12908.95661,11638.15479,10357.64954,14000.33333
2000/2/11,14319,13229.36963,12019.39533,10741.80112,14251
2000/2/12,14457,13556.25874,12382.38762,11125.07938,14511
2000/2/13,14757,13826.48112,12734.54896,11502.27185,14251
2000/2/14,13539,14105.63678,13062.12861,11871.95498,14413
2000/2/15,14943,13935.64575,13375.18106,12229.00707,14527
2000/2/16,15099,14237.85202,13543.32047,12572.85927,15074.33333
2000/2/17,15181,14496.19642,13751.67993,12863.99763,15315
2000/2/18,15665,14701.63749,13975.03488,13130.30232,15540.66667
2000/2/19,15776,14990.64624,14193.01566,13383.72209,15821.33333
2000/2/20,16023,15226.25237,14432.30484,13626.51016,15978.33333
2000/2/21,16136,15465.27666,14670.4891,13868.24856,16156.66667
2000/2/22,16311,15666.49366,14908.92537,14108.92072,16178.66667
2000/2/23,16089,15859.84556,15136.19585,14348.92212,15753
2000/2/24,14859,15928.59189,15353.29077,14585.10424,15634.66667
2000/2/25,15956,15607.71433,15525.88111,14815.5602,16248.33333
2000/2/26,17930,15712.20003,15550.43107,15028.65647,19273
2000/2/27,23933,16377.54002,15598.96176,15185.18885,22186
2000/2/28,24695,18644.17801,15832.53524,15309.32072,24693
2000/2/29,25451,20459.42461,16676.02807,15466.28508,25027
2000/3/1,24935,21956.89723,17811.04703,15829.20797,24784.66667
2000/3/2,23968,22850.32806,19054.80209,16423.75969,23833.66667
2000/3/3,22598,23185.62964,20193.45988,17213.07241,22545.66667
2000/3/4,21071,23009.34075,21091.11081,18107.18865,19982.33333
2000/3/5,16278,22427.83852,21666.57979,19002.3653,18704.33333
2000/3/6,18764,20582.88697,21894.95741,19801.62965,17694.33333
2000/3/7,18041,20037.22088,21501.33628,20429.62798,18274.66667
2000/3/8,18019,19438.35461,21062.10166,20751.14047,17971.66667
2000/3/9,17855,19012.54823,20574.97754,20844.42882,17901
2000/3/10,17829,18665.28376,20106.24875,20763.59344,17895
2000/3/11,18001,18414.39863,19673.95925,20566.39003,18049
2000/3/12,18317,18290.37904,19296.09107,20298.6608,18271
2000/3/13,18495,18298.36533,18994.37746,19997.88988,18553.33333
2000/3/14,18848,18357.35573,18785.57382,19696.83615,17698
2000/3/15,15751,18504.54901,18657.10839,19423.45745,17843.33333
2000/3/16,18931,17678.48431,18611.34058,19193.55274,17922
2000/3/17,19084,18054.23902,18331.4837,19018.88909,19044.66667
2000/3/18,19119,18363.16731,18248.31029,18812.66747,19143.66667
2000/3/19,19228,18589.91712,18282.7674,18643.36032,19317.33333
2000/3/20,19605,18781.34198,18374.91231,18535.18244,19563.33333
2000/3/21,19857,19028.43939,18496.84121,18487.1014,19807
2000/3/22,19959,19277.00757,18656.32067,18490.02335,20013.66667
2000/3/23,20225,19481.6053,18842.52674,18539.91254,20243
2000/3/24,20545,19704.62371,19034.25031,18630.6968,19569.33333
2000/3/25,17938,19956.7366,19235.36233,18751.76285,19910.66667
2000/3/26,21249,19351.11562,19451.77461,18896.8427,20156.33333
2000/3/27,21282,19920.48093,19421.57691,19063.32227,21346.66667
2000/3/28,21509,20328.93665,19571.24812,19170.79866,21421
2000/3/29,21472,20682.95566,19798.55468,19290.9335,21563.66667
2000/3/30,21710,20919.66896,20063.87497,19443.21985,21629.66667
2000/3/31,21707,21156.76827,20320.61317,19629.41639,21683
2000/4/1,21632,21321.83779,20571.4597,19836.77542,21622
2000/4/2,21527,21414.88645,20796.57313,20057.18071,21347.66667
2000/4/3,20884,21448.52052,20982.06712,20278.99843,20521.66667
2000/4/4,19154,21279.16436,21122.00314,20489.91904,20125.33333
2000/4/5,20338,20641.61505,21169.15151,20679.54427,19807.33333
2000/4/6,19930,20550.53054,21010.89057,20826.42644,20000
2000/4/7,19732,20364.37138,20872.78256,20881.76568,19441.66667
2000/4/8,18663,20174.65996,20720.25921,20879.07075,18824.66667
2000/4/9,18079,19721.16197,20556.57943,20831.42728,18065
2000/4/10,17453,19228.51338,20305.9542,20748.97293,17698.33333
2000/4/11,17563,18695.85937,19982.72195,20616.06731,17575.33333
2000/4/12,17710,18356.00156,19596.66318,20426.0637,17653.33333
2000/4/13,17687,18162.20109,19224.46469,20177.24354,17347.66667
2000/4/14,16646,18019.64076,18905.78561,19891.40989,17110.66667
2000/4/15,16999,17607.54853,18639.94216,19595.7226,16587
2000/4/16,16116,17424.98397,18330.22407,19308.98847,16025
2000/4/17,14960,17032.28878,18058.65204,19015.35915,15338.33333
2000/4/18,14939,16410.60215,17750.74306,18728.34702,15012.66667
2000/4/19,15139,15969.1215,17348.70079,18435.06583,15796.33333
2000/4/20,17311,15720.08505,16934.827,18109.15632,17049
2000/4/21,18697,16197.35954,16570.40442,17756.85752,18365.66667
2000/4/22,19089,16947.25168,16458.49095,17400.92159,19106.33333
2000/4/23,19533,17589.77617,16605.11917,17118.1924,18232
2000/4/24,16074,18172.74332,16900.51627,16964.27043,17353.33333
2000/4/25,16453,17543.12032,17282.18439,16945.14418,15543.33333
2000/4/26,14103,17216.08423,17360.46517,17046.25624,14393.33333
2000/4/27,12624,16282.15896,17317.15089,17140.51892,12451.33333
2000/4/28,10627,15184.71127,17006.65331,17193.50851,10707.33333
2000/4/29,8871,13817.39789,16460.0707,17137.45195,9287.333333
2000/4/30,8364,12333.47852,15667.26885,16934.23757,8563
2000/5/1,8454,11142.63497,14667.13176,16554.14696,8392
2000/5/2,8358,10336.04448,13609.78272,15988.0424,8452.666667
2000/5/3,8546,9742.631133,12627.66125,15274.56449,7895.666667
2000/5/4,6783,9383.641793,11762.15221,14480.49352,7961.666667
2000/5/5,8556,8603.449255,11048.59909,13664.99113,8003.666667
2000/5/6,8672,8589.214479,10315.05414,12880.07351,8656
2000/5/7,8740,8614.050135,9797.30224,12110.5677,8705.333333
2000/5/8,8704,8651.835095,9442.326608,11416.58806,8670
2000/5/9,8566,8667.484566,9205.179154,10824.30963,8572
2000/5/10,8446,8637.039196,9043.870778,10338.57048,8479
2000/5/11,8425,8579.727437,8921.821303,9950.160573,8376.666667
2000/5/12,8259,8533.309206,8819.193144,9641.658792,8284
2000/5/13,8168,8451.016444,8733.427962,9394.919097,7422
2000/5/14,5839,8366.111511,8648.704507,9196.471757,7420.333333
2000/5/15,8254,7607.978058,8563.926608,9032.141582,7487.666667
2000/5/16,8370,7801.78464,8277.142043,8891.67709,8389.333333
2000/5/17,8544,7972.249248,8134.534822,8707.316576,8540
2000/5/18,8706,8143.774474,8085.84915,8535.48205,8696.666667
2000/5/19,8840,8312.442132,8103.226747,8400.59218,8921.666667
2000/5/20,9219,8470.709492,8165.991363,8311.38255,9196
2000/5/21,9529,8695.196645,8257.406801,8267.765194,9527.666667
2000/5/22,9835,8945.337651,8388.743754,8264.657676,9873.333333
2000/5/23,10256,9212.236356,8555.721923,8301.8835,9610
2000/5/24,8739,9525.365449,8752.676253,8378.035027,10115
2000/5/25,11350,9289.455814,8984.483012,8490.427395,10708.66667
2000/5/26,12037,9907.61907,9075.974853,8638.64408,11987.33333
2000/5/27,12575,10546.43335,9325.468118,8769.843312,12634.33333
2000/5/28,13291,11155.00334,9691.757687,8936.530754,13307.66667
2000/5/29,14057,11795.80234,10130.73138,9163.098834,14012.66667
2000/5/30,14690,12474.16164,10630.25267,9453.388599,14701.33333
2000/5/31,15357,13138.91315,11183.42536,9806.447821,15276
2000/6/1,15781,13804.3392,11770.0717,10219.54108,15856.33333
2000/6/2,16431,14397.33744,12380.35195,10684.70027,16001.33333
2000/6/3,15792,15007.43621,12985.4476,11193.39577,16511.66667
2000/6/4,17312,15242.80535,13592.04418,11731.01132,16900
2000/6/5,17596,15863.56374,14087.27253,12289.32118,18102
2000/6/6,19398,16383.29462,14620.15989,12828.70658,20217
2000/6/7,23657,17287.70623,15149.10031,13366.14258,23010.66667
2000/6/8,25977,19198.49436,15790.68209,13901.0299,25383
2000/6/9,26515,21232.04605,16813.02577,14467.92555,26299.66667
2000/6/10,26407,22816.93224,18138.73186,15171.45562,26112.66667
2000/6/11,25416,23893.95257,19542.19197,16061.63849,25370.66667
2000/6/12,24289,24350.5668,20847.72015,17105.80453,23469
2000/6/13,20702,24332.09676,21898.57414,18228.37922,22488.33333
2000/6/14,22474,23243.06773,22628.63093,19329.4377,21722.33333
2000/6/15,21991,23012.34741,22812.96197,20319.19567,21858.66667
2000/6/16,21111,22705.94319,22872.7776,21067.32556,21042.33333
2000/6/17,20025,22227.46023,22822.72728,21608.96117,19867
2000/6/18,18465,21566.72216,22644.14716,21973.091,18592.66667
2000/6/19,17288,20636.20551,22320.91966,22174.40785,17611.33333
2000/6/20,17081,19631.74386,21815.50542,22218.36139,17049
2000/6/21,16778,18866.5207,21160.37695,22097.5046,17122
2000/6/22,17507,18239.96449,20472.22008,21816.36631,16949.33333
2000/6/23,16563,18020.07514,19802.5434,21413.12244,17526
2000/6/24,18508,17582.9526,19267.80292,20929.94873,17949.66667
2000/6/25,18778,17860.46682,18762.34783,20431.30499,18748.33333
2000/6/26,18959,18135.72677,18491.78352,19930.61784,18962
2000/6/27,19149,18382.70874,18384.9665,19498.96754,19187.66667
2000/6/28,19455,18612.59612,18384.28917,19164.76723,19373.66667
2000/6/29,19517,18865.31728,18452.78126,18930.62381,19556.66667
2000/6/30,19698,19060.8221,18576.54206,18787.27105,19727.66667
2000/7/1,19968,19251.97547,18721.82607,18724.05235,19994
2000/7/2,20316,19466.78283,18880.87089,18723.38447,19811
2000/7/3,19149,19721.54798,19056.64447,18770.6304,20270.33333
2000/7/4,21346,19549.78359,19256.11553,18856.43462,20769.66667
2000/7/5,21814,20088.64851,19344.21594,18976.33889,21839
2000/7/6,22357,20606.25396,19567.54571,19086.70201,22267.33333
2000/7/7,22631,21131.47777,19879.15819,19230.95512,22683.66667
2000/7/8,23063,21581.33444,20254.85406,19425.41604,22906.33333
2000/7/9,23025,22025.83411,20652.79817,19674.24745,23101.33333
2000/7/10,23216,22325.58388,21064.70895,19967.81266,23070.33333
2000/7/11,22970,22592.70871,21442.97143,20296.88155,22885.33333
2000/7/12,22470,22705.8961,21787.89262,20640.70852,21947
2000/7/13,20401,22635.12727,22063.29366,20984.86375,21130.33333
2000/7/14,20520,21964.88909,22234.84374,21308.39272,20237.33333
2000/7/15,19791,21531.42236,22153.85735,21586.32803,19939.66667
2000/7/16,19508,21009.29565,21967.12685,21756.58682,19542.66667
2000/7/17,19329,20558.90696,21679.77749,21819.74883,19471.33333
2000/7/18,19577,20189.93487,21343.51633,21777.75743,19485.66667
2000/7/19,19551,20006.05441,20997.44189,21647.4851,19581.33333
2000/7/20,19616,19869.53809,20700.02565,21452.47214,19481
2000/7/21,19276,19793.47666,20450.87938,21226.73819,19249
2000/7/22,18855,19638.23366,20253.65856,20993.98055,18600.66667
2000/7/23,17671,19403.26356,20069.03109,20771.88395,18287.66667
2000/7/24,18337,18883.58449,19869.30083,20561.02809,18079.66667
2000/7/25,18231,18719.60915,19573.58593,20353.50992,18505.66667
2000/7/26,18949,18573.0264,19317.3929,20119.53272,19283.66667
2000/7/27,20671,18685.81848,19094.08295,19878.89077,20450
2000/7/28,21730,19281.37294,18971.60361,19643.44843,21465
2000/7/29,21994,20015.96106,19064.53441,19441.89498,21712.33333
2000/7/30,21413,20609.37274,19349.9624,19328.68681,21100
2000/7/31,19893,20850.46092,19727.7855,19335.06949,20088.66667
2000/8/1,18960,20563.22264,20064.58813,19452.88429,18366
2000/8/2,16245,20082.25585,20214.17848,19636.39544,17714
2000/8/3,17937,18931.07909,20174.60169,19809.73035,17053.33333
2000/8/4,16978,18632.85537,19801.54491,19919.19176,16940.66667
2000/8/5,15907,18136.39876,19450.93805,19883.8977,15645.33333
2000/8/6,14051,17467.57913,19056.57626,19754.00981,14179.33333
2000/8/7,12580,16442.60539,18579.87712,19544.77974,12920.33333
2000/8/8,12130,15283.82377,17938.6956,19255.30896,12458.66667
2000/8/9,12666,14337.67664,17142.23405,18860.32495,12527
2000/8/10,12785,13836.17365,16300.86683,18344.89768,12711
2000/8/11,12682,13520.82155,15561.45888,17731.68843,12169.33333
2000/8/12,11041,13269.17509,14949.26768,17080.61956,12201
2000/8/13,12880,12600.72256,14445.2399,16441.214,12369.33333
2000/8/14,13187,12684.50579,13891.8847,15842.42177,13141
2000/8/15,13356,12835.25406,13529.67103,15257.26065,13320.66667
2000/8/16,13419,12991.47784,13321.34594,14738.98376,13382
2000/8/17,13371,13119.73449,13222.38551,14313.69241,13350.33333
2000/8/18,13261,13195.11414,13191.5902,13986.30034,13223.33333
2000/8/19,13038,13214.8799,13192.64738,13747.8873,12974
2000/8/20,12623,13161.81593,13199.31714,13581.31532,12771.33333
2000/8/21,12653,13000.17115,13188.06678,13466.71587,11996.33333
2000/8/22,10713,12896.01981,13131.69809,13383.12114,11806.33333
2000/8/23,12053,12241.11386,13060.9946,13307.69422,11711.66667
2000/8/24,12369,12184.6797,12815.03038,13233.68434,12271.33333
2000/8/25,12392,12239.97579,12625.92518,13108.08815,12471
2000/8/26,12652,12285.58306,12510.14036,12963.43926,12555.33333
2000/8/27,12622,12395.50814,12442.77317,12827.44959,12656.66667
2000/8/28,12696,12463.4557,12428.59366,12712.04666,12630.33333
2000/8/29,12573,12533.21899,12439.05227,12627.01076,12551.33333
2000/8/30,12385,12545.15329,12467.30229,12570.62322,12459.33333
2000/8/31,12420,12497.1073,12490.65759,12539.62694,11598.66667
2000/9/1,9991,12473.97511,12492.5925,12524.93613,11546.33333
2000/9/2,12228,11729.08258,12487.00729,12515.23304,11253.66667
2000/9/3,11542,11878.75781,12259.62987,12506.76532,11446.66667
2000/9/4,10570,11777.73046,12145.36825,12432.62468,10725
2000/9/5,10063,11415.41132,12035.07692,12346.44775,10165.66667
2000/9/6,9864,11009.68793,11849.17724,12253.0365,9977
2000/9/7,10004,10665.98155,11597.33045,12131.87872,9958.333333
2000/9/8,10007,10467.38708,11317.92578,11971.51424,10025.66667
2000/9/9,10066,10329.27096,11062.76417,11775.4377,10094
2000/9/10,10209,10250.28967,10842.71621,11561.63564,9718.333333
2000/9/11,8880,10237.90277,10664.98825,11345.95981,9886
2000/9/12,10569,9830.531939,10536.8626,11141.66834,9933
2000/9/13,10350,10052.07236,10324.9634,10960.22662,10525
2000/9/14,10656,10141.45065,10243.09609,10769.64765,10592.33333
2000/9/15,10771,10295.81546,10212.60246,10611.68219,10783
2000/9/16,10922,10438.37082,10237.56636,10491.95827,10850.33333
2000/9/17,10858,10583.45957,10297.8077,10415.64069,10772
2000/9/18,10536,10665.8217,10383.50326,10380.29079,10594.66667
2000/9/19,10390,10626.87519,10468.19879,10381.25453,12031.33333
2000/9/20,15168,10555.81263,10515.80171,10407.33781,13405.33333
2000/9/21,14658,11939.46884,10527.80499,10439.87698,16125
2000/9/22,18549,12755.02819,10951.30414,10466.25538,17573.33333
2000/9/23,19513,14493.21973,11492.42136,10611.77001,19265
2000/9/24,19733,15999.15381,12392.66087,10875.96542,19276.33333
2000/9/25,18583,17119.30767,13474.60875,11330.97405,18511
2000/9/26,17217,17558.41537,14568.01843,11974.06446,17109
2000/9/27,15527,17455.99076,15465.13751,12752.25065,15692.33333
2000/9/28,14333,16877.29353,16062.39348,13566.11671,14404.66667
2000/9/29,13354,16114.00547,16306.8635,14314.99974,13685.66667
2000/9/30,13370,15286.00383,16249.00609,14912.55887,12900.33333
2000/10/1,11977,14711.20268,15960.10541,15313.49304,12911
2000/10/2,13386,13890.94188,15585.43459,15507.47675,12903
2000/10/3,13346,13739.45931,15077.08678,15530.8641,13352.66667
2000/10/4,13326,13621.42152,14675.79854,15394.7309,13364.33333
2000/10/5,13421,13532.79506,14359.48543,15179.05119,13387
2000/10/6,13414,13499.25654,14111.47832,14933.18147,13410.66667
2000/10/7,13397,13473.67958,13927.81179,14686.67052,13400
2000/10/8,13389,13450.67571,13791.57213,14459.0129,13386.33333
2000/10/9,13373,13432.17299,13689.3032,14258.78067,13369
2000/10/10,13345,13414.4211,13612.16414,14087.93743,12956
2000/10/11,12150,13393.59477,13552.84123,13945.20544,12955.33333
2000/10/12,13371,13020.51634,13505.06729,13827.49618,12938.66667
2000/10/13,13295,13125.66144,13359.702,13730.76751,13365
2000/10/14,13429,13176.46301,13289.48983,13619.44786,13382.33333
2000/10/15,13423,13252.2241,13255.58178,13520.46045,13451.33333
2000/10/16,13502,13303.45687,13254.57448,13440.99685,13510
2000/10/17,13605,13363.01981,13269.2392,13385.07014,13615.66667
2000/10/18,13740,13435.61387,13297.37338,13350.32086,13718.66667
2000/10/19,13811,13526.92971,13338.84553,13334.43661,13834
2000/10/20,13951,13612.1508,13395.27078,13335.75929,13480.66667
2000/10/21,12680,13713.80556,13460.33479,13353.61274,13582.66667
2000/10/22,14117,13403.66389,13536.37602,13385.62935,13630.66667
2000/10/23,14095,13617.66472,13496.56238,13430.85335,14053.33333
2000/10/24,13948,13760.86531,13532.89308,13450.56606,13940.33333
2000/10/25,13778,13817.00571,13601.28475,13475.26417,13724.66667
2000/10/26,13448,13805.304,13666.00104,13513.07034,13350.33333
2000/10/27,12825,13698.1128,13707.79193,13558.94955,12688.66667
2000/10/28,11793,13436.17896,13704.88819,13603.60226,12094.33333
2000/10/29,11665,12943.22527,13624.27542,13633.98804,11634.66667
2000/10/30,11446,12559.75769,13419.96038,13631.07425,11225
2000/10/31,10564,12225.63038,13161.89957,13567.74009,11236
2000/11/1,11698,11727.14127,12881.01881,13445.98793,11382.66667
2000/11/2,11886,11718.39889,12534.85555,13276.4972,11859.66667
2000/11/3,11995,11768.67922,12289.91855,13054.0047,11783
2000/11/4,11468,11836.57546,12133.54675,12824.77886,11501.33333
2000/11/5,11041,11726.00282,12044.45536,12617.40923,11267.66667
2000/11/6,11294,11520.50197,11948.9196,12445.52307,11305
2000/11/7,11580,11452.55138,11820.39431,12296.54203,11476.66667
2000/11/8,11556,11490.78597,11710.04143,12153.69771,11597.33333
2000/11/9,11656,11510.35018,11644.26479,12020.60083,11408
2000/11/10,11012,11554.04512,11604.09041,11907.70002,11311.33333
2000/11/11,11266,11391.43159,11589.07682,11816.61713,11084.66667
2000/11/12,10976,11353.80211,11529.78325,11748.35504,12420
2000/11/13,15018,11240.46148,11476.98891,11682.7835,14754
2000/11/14,18268,12373.72303,11406.03068,11621.04513,17480.66667
2000/11/15,19156,14142.00612,11696.33839,11556.54079,19416.66667
2000/11/16,20826,15646.20429,12430.03871,11598.48007,20353
2000/11/17,21077,17200.143,13394.88838,11847.94766,20537.66667
2000/11/18,19710,18363.2001,14536.46477,12312.02988,19672.33333
2000/11/19,18230,18767.24007,15684.48537,12979.36034,17787.66667
2000/11/20,15423,18606.06805,16609.31178,13790.89785,16849.66667
2000/11/21,16896,17651.14763,17208.33866,14636.42203,16608
2000/11/22,17505,17424.60334,17341.18135,15407.99702,17451.66667
2000/11/23,17954,17448.72234,17366.20795,15987.95232,17845.33333
2000/11/24,18077,17600.30564,17390.96227,16401.42901,18043.33333
2000/11/25,18099,17743.31395,17453.76528,16698.28899,18151
2000/11/26,18277,17850.01976,17540.62988,16924.93187,18235
2000/11/27,18329,17978.11383,17633.44684,17109.64128,18304.66667
2000/11/28,18308,18083.37968,17736.84694,17266.78295,18233.66667
2000/11/29,18064,18150.76578,17840.80676,17407.80214,17323
2000/11/30,15597,18124.73605,17933.79447,17537.70353,17056
2000/12/1,17507,17366.41523,17991.07694,17656.53081,16744
2000/12/2,17128,17408.59066,17803.67843,17756.89465,17154.33333
2000/12/3,16828,17324.41346,17685.1521,17770.92978,16793.33333
2000/12/4,16424,17175.48942,17576.93051,17745.19648,16473.66667
2000/12/5,16169,16950.0426,17456.49818,17694.71669,16219
2000/12/6,16064,16715.72982,17304.56151,17623.25114,16100
2000/12/7,16067,16520.21087,17127.912,17527.64425,16135
2000/12/8,16274,16384.24761,16945.60166,17407.72457,16233.66667
2000/12/9,16360,16351.17333,16777.19545,17269.0877,15763.66667
2000/12/10,14657,16353.82133,16649.38881,17121.52002,16020.33333
2000/12/11,17044,15844.77493,16560.71857,16979.88066,16378.66667
2000/12/12,17435,16204.54245,16345.93548,16854.13203,17379.66667
2000/12/13,17660,16573.67972,16303.51757,16701.67307,17776
2000/12/14,18233,16899.5758,16384.56621,16582.22642,18198.33333
2000/12/15,18702,17299.60306,16539.06909,16522.92836,18547.66667
2000/12/16,18708,17720.32214,16767.22928,16527.77058,18785.33333
2000/12/17,18946,18016.6255,17053.15714,16599.60819,18805
2000/12/18,18761,18295.43785,17342.19765,16735.67287,18778.66667
2000/12/19,18629,18435.10649,17628.16971,16917.63031,18147.66667
2000/12/20,17053,18493.27455,17870.25074,17130.79213,17880.66667
2000/12/21,17960,18061.19218,18057.15788,17352.62971,17484.66667
2000/12/22,17441,18030.83453,18058.36817,17563.98816,17364.33333
2000/12/23,16692,17853.88417,18050.10808,17712.30217,16674.66667
2000/12/24,15891,17505.31892,17991.24091,17813.64394,15700.66667
2000/12/25,14519,17021.02324,17845.46431,17866.92303,14839
2000/12/26,14107,16270.41627,17598.13199,17860.48541,14372.66667
2000/12/27,14492,15621.39139,17199.81727,17781.77939,14418
2000/12/28,14655,15282.57397,16726.28951,17607.19075,14771.33333
2000/12/29,15167,15094.30178,16293.17485,17342.92038,14799.33333
2000/12/30,14576,15116.11125,15933.51293,17027.99672,16553.33333
2000/12/31,19917,14954.07787,15688.29242,16699.65158,18739.66667
2001/1/1,21726,16442.95451,15468.02806,16396.24383,21626
2001/1/2,23235,18027.86816,15760.50599,16117.7791,23318.66667
2001/1/3,24995,19590.00771,16440.71464,16010.59717,24583
2001/1/4,25519,21211.5054,17385.50256,16139.63241,25204.66667
2001/1/5,25100,22503.75378,18533.30341,16513.39346,24911.33333
2001/1/6,24115,23282.62764,19724.43852,17119.36644,24153.66667
2001/1/7,23246,23532.33935,20791.89526,17900.88807,23394.33333
2001/1/8,22822,23446.43755,21614.02849,18768.19023,22005
2001/1/9,19947,23259.10628,22163.7512,19621.9417,21257.33333
2001/1/10,21003,22265.4744,22492.35773,20384.48455,20048.33333
2001/1/11,19195,21886.73208,22424.29273,21016.84651,19743.66667
2001/1/12,19033,21079.21245,22263.02453,21439.08037,19073
2001/1/13,18991,20465.34872,21907.88091,21686.26362,18909
2001/1/14,18703,20023.0441,21475.12125,21752.74881,18935.66667
2001/1/15,19113,19627.03087,21039.49811,21669.46054,19078.66667
2001/1/16,19420,19472.82161,20615.75794,21480.47181,19355
2001/1/17,19532,19456.97513,20272.87704,21221.05765,19514
2001/1/18,19590,19479.48259,20028.10647,20936.60347,19302.66667
2001/1/19,18786,19512.63781,19863.5193,20664.05437,19306
2001/1/20,19542,19294.64647,19758.25486,20423.89385,19313.66667
2001/1/21,19613,19368.85253,19619.17234,20224.20215,19585.66667
2001/1/22,19602,19442.09677,19544.0764,20042.69321,19623
2001/1/23,19654,19490.06774,19513.48251,19893.10816,19643.33333
2001/1/24,19674,19539.24742,19506.45808,19779.22047,19642.33333
2001/1/25,19599,19579.67319,19516.29488,19697.39175,19702
2001/1/26,19833,19585.47123,19535.30837,19643.06269,19786
2001/1/27,19926,19659.72986,19550.35723,19610.73639,19941.66667
2001/1/28,20066,19739.6109,19583.16902,19592.62265,19836.33333
2001/1/29,19517,19837.52763,19630.10159,19589.78656,19890.33333
2001/1/30,20088,19741.36934,19692.3294,19601.88107,19866
2001/1/31,19993,19845.35854,19707.04138,19629.01557,19935.66667
2001/2/1,19726,19889.65098,19748.53653,19652.42331,19746
2001/2/2,19519,19840.55568,19790.87086,19681.25728,19384
2001/2/3,18907,19744.08898,19805.77631,19714.14135,18911.66667
2001/2/4,18309,19492.96229,19787.27011,19741.63184,18189.66667
2001/2/5,17353,19137.7736,19698.97776,19755.32332,17423.33333
2001/2/6,16608,18602.34152,19530.61651,19738.41965,16787
2001/2/7,16400,18004.03906,19252.13402,19676.07871,16105.66667
2001/2/8,15309,17522.82734,18877.70553,19548.8953,15882.33333
2001/2/9,15938,16858.67914,18471.24207,19347.53837,15693.33333
2001/2/10,15833,16582.4754,17987.47319,19084.64948,15941
2001/2/11,16052,16357.63278,17565.97386,18755.4966,15933
2001/2/12,15914,16265.94295,17203.47153,18398.63977,15878.33333
2001/2/13,15669,16160.36006,16922.21296,18040.0893,15466.33333
2001/2/14,14816,16012.95204,16693.65709,17704.7264,14997.66667
2001/2/15,14508,15653.86643,16489.44557,17401.40561,14566.33333
2001/2/16,14375,15310.1065,16238.77183,17127.8176,14443.66667
2001/2/17,14448,15029.57455,15960.17223,16861.10387,14194
2001/2/18,13759,14855.10219,15680.99293,16590.82438,14281.33333
2001/2/19,14637,14526.27153,15433.22571,16317.87494,14341.33333
2001/2/20,14628,14559.49007,15161.13945,16052.48017,14584
2001/2/21,14487,14580.04305,14980.64464,15785.07796,14413
2001/2/22,14124,14552.13013,14860.46416,15543.74796,15320.33333
2001/2/23,17350,14423.69109,14767.96395,15338.76282,16803
2001/2/24,18935,15301.58377,14664.6821,15167.52316,18329.66667
2001/2/25,18704,16391.60864,14855.7526,15016.67084,18807.33333
2001/2/26,18783,17085.32605,15316.50941,14968.39537,18877.66667
2001/2/27,19146,17594.62823,15847.1544,15072.82958,18393.66667
2001/2/28,17252,18060.03976,16371.39655,15305.12703,17981.66667
2001/3/1,17547,17817.62783,16877.98951,15625.00788,17079.66667
2001/3/2,16440,17736.43948,17159.88101,16000.90237,16636.33333
2001/3/3,15922,17347.50764,17332.84855,16348.59596,15691.66667
2001/3/4,14713,16919.85535,17337.24628,16643.87174,15495
2001/3/5,15850,16257.79874,17212.029,16851.8841,15793.66667
2001/3/6,16818,16135.45912,16925.75992,16959.92757,16607
2001/3/7,17153,16340.22138,16688.66968,16949.67728,17103
2001/3/8,17338,16584.05497,16584.13519,16871.375,17476
2001/3/9,17937,16810.23848,16584.11113,16785.20306,17353.33333
2001/3/10,16785,17148.26693,16651.94933,16724.87548,17590.33333
2001/3/11,18049,17039.28685,16800.84461,16702.99763,17656.33333
2001/3/12,18135,17342.2008,16872.37728,16732.35173,18054.66667
2001/3/13,17980,17580.04056,17013.32434,16774.35939,17990
2001/3/14,17855,17700.02839,17183.3392,16846.04888,17846.33333
2001/3/15,17704,17746.51987,17338.34596,16947.23598,17703
2001/3/16,17550,17733.76391,17460.79813,17064.56897,17494
2001/3/17,17228,17678.63474,17542.68787,17183.43772,17232.33333
2001/3/18,16919,17543.44432,17583.47193,17291.21276,16979.66667
2001/3/19,16792,17356.11102,17571.46365,17378.89051,16466.66667
2001/3/20,15689,17186.87772,17506.85786,17436.66245,16364.33333
2001/3/21,16612,16737.5144,17410.86382,17457.72107,16257
2001/3/22,16470,16699.86008,17208.85899,17443.6639,16521.66667
2001/3/23,16483,16630.90206,17056.15932,17373.22243,16475
2001/3/24,16472,16586.53144,16928.58214,17278.10349,16511
2001/3/25,16578,16552.17201,16825.96693,17173.24709,16589.66667
2001/3/26,16719,16559.92041,16743.82845,17069.06304,16674.33333
2001/3/27,16726,16607.64428,16688.65604,16971.49266,16757.66667
2001/3/28,16828,16643.151,16664.35251,16886.64168,16827.33333
2001/3/29,16928,16698.6057,16657.99206,16819.95493,16573.66667
2001/3/30,15965,16767.42399,16670.17615,16771.36607,16606.33333
2001/3/31,16926,16526.69679,16699.3505,16741.00909,16585.66667
2001/4/1,16866,16646.48775,16647.55439,16728.51151,16865.66667
2001/4/2,16805,16712.34143,16647.2344,16704.22438,16750.66667
2001/4/3,16581,16740.139,16666.76651,16687.12738,16574.66667
2001/4/4,16338,16692.3973,16688.77826,16681.01912,16314.33333
2001/4/5,16024,16586.07811,16689.86397,16683.34686,16067.66667
2001/4/6,15841,16417.45468,16658.72821,16685.30199,15886
2001/4/7,15793,16244.51827,16586.34615,16677.32986,15836
2001/4/8,15874,16109.06279,16483.79779,16650.03475,15522.66667
2001/4/9,14901,16038.54395,16371.37729,16600.16366,15568
2001/4/10,15929,15697.28077,16271.52729,16531.52775,15616.66667
2001/4/11,16020,15766.79654,16099.25333,16453.52761,15954.33333
2001/4/12,15914,15842.75758,15999.51629,16347.24533,15858
2001/4/13,15640,15864.1303,15952.48868,16242.92662,15797
2001/4/14,15837,15796.89121,15925.98117,16155.79524,15813
2001/4/15,15962,15808.92385,15887.25418,16086.85101,15956
2001/4/16,16069,15854.84669,15863.75508,16026.97196,15969
2001/4/17,15876,15919.09269,15861.08256,15978.0069,15889.66667
2001/4/18,15724,15906.16488,15878.4856,15942.9296,15283.33333
2001/4/19,14250,15851.51542,15886.78938,15923.5964,16348.33333
2001/4/20,19071,15371.06079,15876.20719,15912.5543,18020.33333
2001/4/21,20740,16481.04255,15724.66327,15901.65016,20422.66667
2001/4/22,21457,17758.72979,15951.57706,15848.5541,21686
2001/4/23,22861,18868.21085,16493.72288,15879.46099,22280.66667
2001/4/24,22524,20066.0476,17206.06927,16063.73955,22320.33333
2001/4/25,21576,20803.43332,18064.06277,16406.43847,21493.33333
2001/4/26,20380,21035.20332,18885.87393,16903.72576,20479
2001/4/27,19481,20838.64233,19530.67275,17498.37021,19310.33333
2001/4/28,18070,20431.34963,19923.06362,18108.06097,17494.33333
2001/4/29,14932,19722.94474,20075.54942,18652.56177,16256.33333
2001/4/30,15767,18285.66132,19969.76802,19079.45806,15155
2001/5/1,14766,17530.06292,19464.53601,19346.55105,15078.66667
2001/5/2,14703,16700.84405,18884.19408,19381.94654,14623.33333
2001/5/3,14401,16101.49083,18229.18907,19232.6208,14493
2001/5/4,14375,15591.34358,17590.8796,18931.59128,14504.66667
2001/5/5,14738,15226.44051,16991.01879,18529.37778,14729.66667
2001/5/6,15076,15079.90836,16461.64531,18067.87008,15072.33333
2001/5/7,15403,15078.73585,16047.12422,17586.00265,15345
2001/5/8,15556,15176.01509,15756.60771,17124.33912,15074.33333
2001/5/9,14264,15290.01057,15582.42993,16714.0197,15183.66667
2001/5/10,15731,14982.2074,15494.70412,16374.54277,15301.33333
2001/5/11,15909,15206.84518,15340.9551,16110.59117,15891.66667
2001/5/12,16035,15417.49162,15300.72212,15879.70035,16021.33333
2001/5/13,16120,15602.74414,15335.75297,15706.00688,16090.66667
2001/5/14,16117,15757.9209,15415.85032,15594.93071,16135.33333
2001/5/15,16169,15865.64463,15518.47149,15541.20659,16180.66667
2001/5/16,16256,15956.65124,15622.62343,15534.38606,16239.33333
2001/5/17,16293,16046.45587,15722.83178,15560.85728,16357.33333
2001/5/18,16523,16120.41911,15819.919,15609.44963,16146.66667
2001/5/19,15624,16241.19337,15910.06903,15672.59044,16348.33333
2001/5/20,16898,16056.03536,16009.40634,15743.83402,16527.66667
2001/5/21,17061,16308.62475,16023.39504,15823.50571,17051.33333
2001/5/22,17195,16534.33733,16108.96396,15883.47251,17160.66667
2001/5/23,17226,16732.53613,16236.57597,15951.11995,17215
2001/5/24,17224,16880.57529,16385.36402,16036.75675,17227.66667
2001/5/25,17233,16983.6027,16533.9274,16141.33893,17157
2001/5/26,17014,17058.42189,16668.82999,16259.11547,17005.66667
2001/5/27,16770,17045.09532,16785.70756,16382.02983,16791.66667
2001/5/28,16591,16962.56673,16863.52389,16503.13315,16225.66667
2001/5/29,15316,16851.09671,16893.23674,16611.25037,16043.66667
2001/5/30,16224,16390.5677,16880.59473,16695.84628,15895.66667
2001/5/31,16147,16340.59739,16733.58662,16751.27082,16140
2001/6/1,16049,16282.51817,16615.68985,16745.96556,16008.66667
2001/6/2,15830,16212.46272,16515.73835,16706.88285,15828.33333
2001/6/3,15606,16097.7239,16424.75566,16649.5395,15545.66667
2001/6/4,15201,15950.20673,16326.64613,16582.10434,15317.66667
2001/6/5,15146,15725.44471,16213.71431,16505.46688,15034
2001/6/6,14755,15551.6113,16067.23343,16417.94111,14787.66667
2001/6/7,14462,15312.62791,15912.54679,16312.72881,14212
2001/6/8,13419,15057.43954,15732.57113,16192.6742,14058
2001/6/9,14293,14565.90768,15530.03165,16054.64328,15037
2001/6/10,17399,14484.03537,15240.79446,15897.25979,17332.33333
2001/6/11,20305,15358.52476,15013.76673,15700.32019,19524.66667
2001/6/12,20870,16842.46733,15117.19414,15494.35415,20772.66667
2001/6/13,21143,18050.72713,15634.7761,15381.20615,21114
2001/6/14,21329,18978.40899,16359.56141,15457.27713,21189.33333
2001/6/15,21096,19683.5863,17145.21568,15727.96242,21228.33333
2001/6/16,21260,20107.31041,17906.72687,16153.1384,21186.66667
2001/6/17,21204,20453.11728,18566.90193,16679.21494,20573.66667
2001/6/18,19257,20678.3821,19132.76654,17245.52104,20083
2001/6/19,19788,20251.96747,19596.4512,17811.69469,18995.66667
2001/6/20,17942,20112.77723,19793.10608,18347.12164,18350.66667
2001/6/21,17322,19461.54406,19889.00743,18780.91697,17381.33333
2001/6/22,16880,18819.68084,19760.76842,19113.34411,17062
2001/6/23,16984,18237.77659,19478.44214,19307.5714,17001.33333
2001/6/24,17140,17861.64361,19106.24248,19358.83263,17149.33333
2001/6/25,17324,17645.15053,18732.86282,19283.05558,17294.33333
2001/6/26,17419,17548.80537,18406.54913,19117.99775,17410
2001/6/27,17487,17509.86376,18149.226,18904.56317,17187.66667
2001/6/28,16657,17503.00463,17957.41733,18677.96202,17238.66667
2001/6/29,17572,17249.20324,17821.09352,18461.79861,17249
2001/6/30,17518,17346.04227,17649.52644,18269.58708,17483.33333
2001/7/1,17360,17397.62959,17558.48119,18083.56889,17410
2001/7/2,17352,17386.34071,17510.22571,17926.04258,17368
2001/7/3,17392,17376.0385,17473.06021,17801.29752,17392.66667
2001/7/4,17434,17380.82695,17443.9537,17702.82632,17420.33333
2001/7/5,17435,17396.77886,17425.01567,17625.16454,17453.66667
2001/7/6,17492,17408.2452,17416.54463,17565.11988,17469
2001/7/7,17480,17433.37164,17414.0548,17520.5473,17155.66667
2001/7/8,16495,17447.36015,17419.84985,17488.59955,17228.33333
2001/7/9,17710,17161.65211,17428.10294,17467.97464,17364.66667
2001/7/10,17889,17326.15647,17348.16769,17456.01313,17874.66667
2001/7/11,18025,17495.00953,17341.56433,17423.6595,17975.33333
2001/7/12,18012,17654.00667,17387.59789,17399.03095,18063.33333
2001/7/13,18153,17761.40467,17467.52052,17395.60103,18104
2001/7/14,18147,17878.88327,17555.68577,17417.17688,18128
2001/7/15,18084,17959.31829,17652.64502,17458.72954,18039.33333
2001/7/16,17887,17996.7228,17744.647,17516.90419,17818.33333
2001/7/17,17484,17963.80596,17820.26974,17585.22703,17242.33333
2001/7/18,16356,17819.86417,17863.33061,17655.73984,16955.33333
2001/7/19,17026,17380.70492,17850.29068,17718.01707,16660.66667
2001/7/20,16600,17274.29344,17709.41495,17757.69915,16476.33333
2001/7/21,15803,17072.00541,17578.8785,17743.21389,15840
2001/7/22,15117,16691.30379,17426.81657,17693.91327,15150.66667
2001/7/23,14532,16219.01265,17206.16274,17613.78426,14685.66667
2001/7/24,14408,15712.90886,16910.01771,17491.49781,14408.33333
2001/7/25,14285,15321.4362,16550.88505,17317.05378,14249
2001/7/26,14054,15010.50534,16182.0504,17087.20316,14081.66667
2001/7/27,13906,14723.55374,15830.58688,16815.65733,13468.66667
2001/7/28,12446,14478.28762,15498.47694,16520.1362,14290
2001/7/29,16518,13868.60133,15192.42014,16213.63842,15897.33333
2001/7/30,18728,14663.42093,14795.2745,15907.27294,18328
2001/7/31,19738,15882.79465,14755.71843,15573.6734,19415
2001/8/1,19779,17039.35626,15093.8413,15328.28691,19679.33333
2001/8/2,19521,17861.24938,15677.49578,15257.95323,19539.33333
2001/8/3,19318,18359.17457,16332.62186,15383.81599,19258.33333
2001/8/4,18936,18646.8222,16940.58767,15668.45775,19087
2001/8/5,19007,18733.57554,17452.45803,16050.09673,19194.33333
2001/8/6,19640,18815.60288,17836.79328,16470.80512,18846
2001/8/7,17891,19062.92201,18130.43616,16880.60157,19525.33333
2001/8/8,21045,18711.34541,18410.18192,17255.55195,20166.66667
2001/8/9,21564,19411.44179,18500.53096,17601.94094,21427.66667
2001/8/10,21674,20057.20925,18773.80421,17871.51795,21499.33333
2001/8/11,21260,20542.24648,19158.82572,18142.20383,21042.66667
2001/8/12,20194,20757.57253,19573.85195,18447.19039,20094.66667
2001/8/13,18830,20588.50077,19928.96812,18785.18886,18888
2001/8/14,17640,20060.95054,20126.82792,19128.32264,18126.66667
2001/8/15,17910,19334.66538,20107.06471,19427.87422,17803.33333
2001/8/16,17860,18907.26577,19875.34491,19631.63137,17573.66667
2001/8/17,16951,18593.08604,19584.92116,19704.74543,17678.33333
2001/8/18,18224,18100.46022,19287.37063,19668.79815,17945
2001/8/19,18660,18137.52216,18931.29751,19554.36989,18637.33333
2001/8/20,19028,18294.26551,18693.1649,19367.44818,19044
2001/8/21,19444,18514.38586,18573.49508,19165.16319,19380
2001/8/22,19668,18793.2701,18555.76232,18987.66276,19693
2001/8/23,19967,19055.68907,18627.01465,18858.09263,19913.66667
2001/8/24,20106,19329.08235,18755.61698,18788.76923,20104
2001/8/25,20239,19562.15764,18927.65659,18778.82356,20244.66667
2001/8/26,20389,19765.21035,19118.00691,18823.47347,20003.33333
2001/8/27,19382,19952.34725,19312.16794,18911.8335,20043
2001/8/28,20358,19781.24307,19504.22173,19031.93383,20054
2001/8/29,20422,19954.27015,19587.32813,19173.6202,20363.66667
2001/8/30,20311,20094.58911,19697.41074,19297.73258,20288
2001/8/31,20131,20159.51237,19816.56425,19417.63603,20106
2001/9/1,19876,20150.95866,19919.44869,19537.31449,19880.33333
2001/9/2,19634,20068.47106,19988.90168,19651.95475,19595.33333
2001/9/3,19276,19938.12974,20012.77249,19753.03883,19317
2001/9/4,19041,19739.49082,19990.37967,19830.95893,19050
2001/9/5,18833,19529.94357,19915.11301,19878.78515,18504
2001/9/6,17638,19320.8605,19799.56218,19889.68351,18224.66667
2001/9/7,18203,18816.00235,19655.95168,19862.64711,17855.66667
2001/9/8,17726,18632.10165,19403.96688,19800.63848,17804.66667
2001/9/9,17485,18360.27115,19172.40731,19681.637,17454
2001/9/10,17151,18097.68981,18928.76646,19528.86809,17159.33333
2001/9/11,16842,17813.68286,18679.44347,19348.8376,16867.66667
2001/9/12,16610,17522.17801,18419.71529,19148.01936,16598.33333
2001/9/13,16343,17248.5246,18150.4541,18929.52814,16429
2001/9/14,16334,16976.86722,17879.87525,18695.80593,16291.66667
2001/9/15,16198,16784.00706,17608.97284,18451.02673,15962
2001/9/16,15354,16608.20494,17361.48311,18198.41056,15971.66667
2001/9/17,16363,16231.94346,17135.49966,17947.33232,15971.33333
2001/9/18,16197,16271.26042,16864.4328,17703.78252,16205.66667
2001/9/19,16057,16248.98229,16686.48108,17451.97761,16009.33333
2001/9/20,15774,16191.38761,16555.23145,17222.32865,15709
2001/9/21,15296,16066.17132,16446.07829,17022.19949,15237.66667
2001/9/22,14643,15835.11993,16332.1062,16849.36313,14630.33333
2001/9/23,13952,15477.48395,16183.01032,16694.18605,14089.66667
2001/9/24,13674,15019.83876,15971.35241,16540.83333,13724
2001/9/25,13546,14616.08713,15685.89832,16369.98906,13208.33333
2001/9/26,12405,14295.06099,15364.95496,16164.76183,13228
2001/9/27,13733,13728.0427,15043.98677,15924.81977,13301.33333
2001/9/28,13766,13729.52989,14649.20355,15660.56987,13837
2001/9/29,14012,13740.47092,14373.30145,15357.15997,15734
2001/9/30,19424,13821.92964,14183.45229,15062.00242,18004
2001/10/1,20576,15502.55075,14074.9955,14798.43738,20438.66667
2001/10/2,21316,17024.58553,14503.26207,14581.40482,21018.66667
2001/10/3,21164,18312.00987,15259.65911,14557.96199,21085.66667
2001/10/4,20777,19167.60691,16175.36434,14768.47113,20688.66667
2001/10/5,20125,19650.42484,17073.03711,15190.53909,19565.33333
2001/10/6,17794,19792.79738,17846.25343,15755.2885,18869.33333
2001/10/7,18689,19193.15817,18430.21661,16382.57797,18076
2001/10/8,17745,19041.91072,18659.09908,16996.86957,17742.33333
2001/10/9,16793,18652.8375,18773.94257,17495.53842,16794.66667
2001/10/10,15846,18094.88625,18737.61105,17879.05967,15945.66667
2001/10/11,15198,17420.22038,18544.79361,18136.62508,15355.33333
2001/10/12,15022,16753.55426,18207.42164,18259.07564,15081.33333
2001/10/13,15024,16234.08798,17771.26143,18243.57944,14995
2001/10/14,14939,15871.06159,17310.10939,18101.88404,15063.33333
2001/10/15,15227,15591.44311,16878.39505,17864.35164,14890
2001/10/16,14504,15482.11018,16492.30947,17568.56467,15088
2001/10/17,15533,15188.67713,16189.24968,17245.68811,15216.33333
2001/10/18,15612,15291.97399,15889.07792,16928.75658,15646.33333
2001/10/19,15794,15387.98179,15709.94674,16616.85298,15735
2001/10/20,15799,15509.78725,15613.35725,16344.78111,15796.66667
2001/10/21,15797,15596.55108,15582.28625,16125.35395,15818.66667
2001/10/22,15860,15656.68575,15586.5657,15962.43364,15850.66667
2001/10/23,15895,15717.68003,15607.60172,15849.67326,15924
2001/10/24,16017,15770.87602,15640.62521,15777.0518,16022.66667
2001/10/25,16156,15844.71321,15679.70045,15736.12382,15880.33333
2001/10/26,15468,15938.09925,15729.20428,15719.19681,16032.66667
2001/10/27,16474,15797.06947,15791.87277,15722.19905,16207
2001/10/28,16679,16000.14863,15793.43178,15743.10117,16623.66667
2001/10/29,16718,16203.80404,15855.44684,15758.20035,16813.66667
2001/10/30,17044,16358.06283,15959.954,15787.3743,16953.33333
2001/10/31,17098,16563.84398,16079.38665,15839.14821,17178.33333
2001/11/1,17393,16724.09079,16224.72385,15911.21974,17344.33333
2001/11/2,17542,16924.76355,16374.53393,16005.27097,17566
2001/11/3,17763,17109.93449,16539.60282,16116.04986,17678
2001/11/4,17729,17305.85414,16710.70232,16243.11575,17359
2001/11/5,16585,17432.7979,16889.24786,16383.39172,17313.66667
2001/11/6,17627,17178.45853,17052.31287,16535.14856,17254.33333
2001/11/7,17551,17313.02097,17090.15657,16690.29786,17435.33333
2001/11/8,17128,17384.41468,17157.01589,16810.25547,17060
2001/11/9,16501,17307.49028,17225.23553,16914.2836,16537.33333
2001/11/10,15983,17065.54319,17249.91195,17007.56918,16050
2001/11/11,15666,16740.78023,17194.60132,17080.27201,15716.66667
2001/11/12,15501,16418.34616,17058.455,17114.5708,15643
2001/11/13,15762,16143.14232,16866.42235,17097.73606,15761.33333
2001/11/14,16021,16028.79962,16649.43834,17028.34195,15789.66667
2001/11/15,15586,16026.45973,16463.24672,16914.67086,15979.33333
2001/11/16,16331,15894.32181,16332.21063,16779.24362,16168.66667
2001/11/17,16589,16025.32527,16200.84398,16645.13372,16475.33333
2001/11/18,16506,16194.42769,16148.18837,16511.8468,16561
2001/11/19,16588,16287.89938,16162.06016,16402.74927,16494
2001/11/20,16388,16377.92957,16199.81193,16330.54254,16593
2001/11/21,16803,16380.9507,16253.24722,16291.32336,17721.33333
2001/11/22,19973,16507.56549,16291.55826,16279.90052,20029.66667
2001/11/23,23313,17547.19584,16356.36043,16283.39784,22335.66667
2001/11/24,23721,19276.93709,16713.61105,16305.28662,23106.66667
2001/11/25,22286,20610.15596,17482.60886,16427.78395,22757
2001/11/26,22264,21112.90917,18420.87299,16744.23142,21802.66667
2001/11/27,20858,21458.23642,19228.48385,17247.22389,21036.66667
2001/11/28,19988,21278.1655,19897.40962,17841.60188,20010
2001/11/29,19184,20891.11585,20311.63638,18458.3442,19072.66667
2001/11/30,18046,20378.98109,20485.48022,19014.33186,18039.33333
2001/12/1,16888,19679.08676,20453.53048,19455.67637,16816.66667
2001/12/2,15516,18841.76074,20221.19737,19755.0326,15961.66667
2001/12/3,15481,17844.03251,19807.36638,19894.88203,15577
2001/12/4,15734,17135.12276,19218.36622,19868.62734,15381.33333
2001/12/5,14929,16714.78593,18593.39318,19673.549,15733.66667
2001/12/6,16538,16179.05015,18029.81101,19349.50225,16110
2001/12/7,16863,16286.73511,17474.58275,18953.59488,16872
2001/12/8,17215,16459.61457,17118.22846,18509.89124,17201
2001/12/9,17525,16686.2302,16920.64429,18092.39241,17492
2001/12/10,17736,16937.86114,16850.32007,17740.86797,17708.66667
2001/12/11,17865,17177.3028,16876.58239,17473.7036,17843.33333
2001/12/12,17929,17383.61196,16966.79851,17294.56724,17931.66667
2001/12/13,18001,17547.22837,17091.84255,17196.23662,17990
2001/12/14,18040,17683.35986,17228.45829,17164.9184,17635.33333
2001/12/15,16865,17790.3519,17364.92876,17183.98037,17560
2001/12/16,17775,17512.74633,17492.55571,17238.26489,17445.33333
2001/12/17,17696,17591.42243,17498.61289,17314.55213,17706.66667
2001/12/18,17649,17622.7957,17526.45575,17369.77036,17663
2001/12/19,17644,17630.65699,17555.35774,17416.77598,17642.33333
2001/12/20,17634,17634.65989,17577.94751,17458.35051,17664
2001/12/21,17714,17634.46193,17594.96123,17494.22961,17682
2001/12/22,17698,17658.32335,17606.81144,17524.44909,17698.66667
2001/12/23,17684,17670.22634,17622.26501,17549.1578,17686
2001/12/24,17676,17674.35844,17636.65341,17571.08996,17400
2001/12/25,16840,17674.85091,17647.96492,17590.759,17455.33333
2001/12/26,17850,17424.39564,17656.03072,17607.92077,17519.33333
2001/12/27,17868,17552.07695,17586.54019,17622.35376,17833
2001/12/28,17781,17646.85386,17576.20122,17611.60969,17816
2001/12/29,17799,17687.0977,17597.39701,17600.98715,17767.66667
2001/12/30,17723,17720.66839,17624.30722,17599.91011,17701
2001/12/31,17581,17721.36787,17653.21557,17607.22924,17538
2002/1/1,17310,17679.25751,17673.66126,17621.02514,17335
2002/1/2,17114,17568.48026,17675.34014,17636.81598,17061
2002/1/3,16759,17432.13618,17643.28217,17648.37322,16488
2002/1/4,15591,17230.19533,17579.93838,17646.84591,16158
2002/1/5,16124,16738.43673,17475.01546,17626.77365,15835
2002/1/6,15790,16554.10571,17254.04184,17581.24619,15796.66667
2002/1/7,15476,16324.874,17044.061,17483.08489,15479
2002/1/8,15171,16070.2118,16828.3049,17351.37772,15061.66667
2002/1/9,14538,15800.44826,16600.87697,17194.45588,14584
2002/1/10,14043,15421.71378,16360.74836,17016.3822,14701
2002/1/11,15522,15008.09965,16079.03798,16819.69205,16576.66667
2002/1/12,20165,15162.26975,15757.75648,16597.49583,19141
2002/1/13,21736,16663.08883,15579.11046,16345.57403,20120
2002/1/14,18459,18184.96218,15904.30397,16115.63496,20451.33333
2002/1/15,21159,18267.17353,16588.50143,16052.23566,20405
2002/1/16,21597,19134.72147,17092.10306,16213.11539,21336.33333
2002/1/17,21253,19873.40503,17704.88858,16476.81169,21299.66667
2002/1/18,21049,20287.28352,18355.44352,16845.23476,21107.33333
2002/1/19,21020,20515.79846,18934.99552,17298.29739,20962.66667
2002/1/20,20819,20667.05892,19409.2364,17789.30683,20632
2002/1/21,20057,20712.64125,19786.58316,18275.2857,19755.66667
2002/1/22,18391,20515.94887,20064.40058,18728.67494,18508.66667
2002/1/23,17078,19878.46421,20199.86507,19129.39263,16885.33333
2002/1/24,15187,19038.32495,20103.44481,19450.53436,16315.33333
2002/1/25,16681,17882.92746,19783.90885,19646.4075,16291.33333
2002/1/26,17006,17522.34922,19213.61444,19687.6579,16828.66667
2002/1/27,16799,17367.44446,18706.23487,19545.44486,16802.66667
2002/1/28,16603,17196.91112,18304.59775,19293.68187,16620.33333
2002/1/29,16459,17018.73778,17972.29176,18996.95663,16455
2002/1/30,16303,16850.81645,17686.22557,18689.55717,16271
2002/1/31,16051,16686.47151,17435.60283,18388.55769,16059.66667
2002/2/1,15825,16495.83006,17210.86344,18102.67123,15824.33333
2002/2/2,15597,16294.58104,16996.35342,17835.12889,15080.66667
2002/2/3,13820,16085.30673,16785.82171,17583.49625,14919.66667
2002/2/4,15342,15405.71471,16575.66722,17344.19389,14846.66667
2002/2/5,15378,15386.6003,16224.68146,17113.63589,15357.33333
2002/2/6,15352,15384.02021,15973.25711,16846.94956,15429
2002/2/7,15557,15374.41415,15796.48604,16584.84183,15621
2002/2/8,15954,15429.1899,15669.86447,16348.33509,15995.33333
2002/2/9,16475,15586.63293,15597.6621,16144.79391,16469.66667
2002/2/10,16980,15853.14305,15594.35335,15980.65436,16926.66667
2002/2/11,17325,16191.20014,15671.99026,15864.76406,17315.66667
2002/2/12,17642,16531.3401,15827.75322,15806.93192,17373
2002/2/13,17152,16864.53807,16038.82929,15813.17831,17803.66667
2002/2/14,18617,16950.77665,16286.54192,15880.8736,18259.33333
2002/2/15,19009,17450.64365,16485.81234,16002.5741,18906.66667
2002/2/16,19094,17918.15056,16775.26173,16147.54557,19135.33333
2002/2/17,19303,18270.90539,17118.12838,16335.86042,19245.66667
2002/2/18,19340,18580.53377,17463.96148,16570.54081,19362.66667
2002/2/19,19445,18808.37364,17798.93317,16838.56701,19212.33333
2002/2/20,18852,18999.36155,18101.76531,17126.67686,18955.33333
2002/2/21,18569,18955.15308,18371.04418,17419.20339,18610.33333
2002/2/22,18410,18839.30716,18546.27685,17704.75563,17426.66667
2002/2/23,15301,18710.51501,18634.18594,17957.212,17045
2002/2/24,17424,17687.66051,18657.08466,18160.30418,16600.33333
2002/2/25,17076,17608.56236,18366.25742,18309.33833,17055
2002/2/26,16665,17448.79365,18138.9489,18326.41405,16859
2002/2/27,16836,17213.65555,17931.90232,18270.17451,16767.33333
2002/2/28,16801,17100.35889,17716.42829,18168.69285,16768
2002/3/1,16667,17010.55122,17531.60747,18033.01348,18069.33333
2002/3/2,20740,16907.48586,17375.2906,17882.59168,20413
2002/3/3,23832,18057.2401,17234.94917,17730.40136,22852.33333
2002/3/4,23985,19789.66807,17481.63645,17581.7657,22843.33333
2002/3/5,20713,21048.26765,18174.04594,17551.72693,22213.66667
2002/3/6,21943,20947.68735,19036.31245,17738.42263,21310.33333
2002/3/7,21275,21246.28115,19609.72492,18127.78958,21625.33333
2002/3/8,21658,21254.8968,20100.69179,18572.37018,21696.66667
2002/3/9,22157,21375.82776,20446.95329,19030.86666,21988
2002/3/10,22149,21610.17943,20725.61563,19455.69265,21921.33333
2002/3/11,21458,21771.8256,20990.98477,19836.66955,21404.33333
2002/3/12,20606,21677.67792,21225.23702,20182.96411,20431.66667
2002/3/13,19231,21356.17455,21360.96929,20495.64599,19153
2002/3/14,17622,20718.62218,21359.53087,20755.24298,17422
2002/3/15,15413,19789.63553,21167.25826,20936.52935,16557
2002/3/16,16636,18476.64487,20753.97144,21005.74802,15929
2002/3/17,15738,17924.45141,20070.77347,20930.21505,16203.66667
2002/3/18,16237,17268.51599,19426.87685,20672.38257,16181
2002/3/19,16568,16959.06119,18779.36859,20298.73086,16501
2002/3/20,16698,16841.74283,18233.27637,19842.92218,16742
2002/3/21,16960,16798.61998,17815.81631,19360.02844,16871.66667
2002/3/22,16957,16847.03399,17510.65741,18896.7648,16986.66667
2002/3/23,17043,16880.02379,17311.57038,18480.93258,17000.66667
2002/3/24,17002,16928.91665,17182.10641,18130.12392,16853.33333
2002/3/25,16515,16950.84166,17106.14948,17845.71867,16847.66667
2002/3/26,17026,16820.08916,17059.55713,17623.84791,16853.33333
2002/3/27,17019,16881.86241,16987.71674,17454.56068,17002.66667
2002/3/28,16963,16923.00369,16955.96044,17314.5075,16996.66667
2002/3/29,17008,16935.00258,16946.07342,17206.94338,16966
2002/3/30,16927,16956.90181,16942.75217,17128.68239,16939
2002/3/31,16882,16947.93127,16946.99706,17072.90332,16854
2002/4/1,16753,16928.15189,16947.27732,17035.13144,16771.66667
2002/4/2,16680,16875.60632,16941.53969,17008.77521,16709.33333
2002/4/3,16695,16816.92442,16921.75968,16988.60455,16442
2002/4/4,15951,16780.3471,16890.3091,16968.55109,16296.33333
2002/4/5,16243,16531.54297,16857.3205,16945.07849,16045.33333
2002/4/6,15942,16444.98008,16759.58724,16918.7511,15938.66667
2002/4/7,15631,16294.08605,16665.20509,16871.00194,15596.66667
2002/4/8,15217,16095.16024,16553.86938,16809.26289,15223.33333
2002/4/9,14822,15831.71217,16416.25664,16732.64483,14732.33333
2002/4/10,14158,15528.79852,16240.8933,16637.72837,14280.66667
2002/4/11,13862,15117.55896,16027.26486,16518.67785,13929.66667
2002/4/12,13769,14740.89127,15754.35309,16371.25395,13787
2002/4/13,13730,14449.32389,15450.31455,16186.1837,13460.33333
2002/4/14,12882,14233.52672,15150.01735,15965.42295,13421.33333
2002/4/15,13652,13828.06871,14875.07016,15720.80127,13377.33333
2002/4/16,13598,13775.24809,14560.96973,15467.08194,13583.66667
2002/4/17,13501,13722.07367,14325.25324,15195.24827,13474.66667
2002/4/18,13325,13655.75157,14144.29937,14934.24976,13305
2002/4/19,13089,13556.5261,13997.73503,14697.26464,13033.66667
2002/4/20,12687,13416.26827,13865.37235,14487.40576,12723
2002/4/21,12393,13197.48779,13730.64112,14300.79573,12457.33333
2002/4/22,12292,12956.14145,13570.69512,14129.74935,12306.66667
2002/4/23,12235,12756.89902,13386.32902,13962.03308,12031.33333
2002/4/24,11567,12600.32931,13197.50002,13789.32186,12027.33333
2002/4/25,12280,12290.33052,13018.34881,13611.77531,12032.66667
2002/4/26,12251,12287.23136,12799.94332,13433.74736,12764.33333
2002/4/27,13762,12276.36195,12646.12973,13243.60615,15199.66667
2002/4/28,19586,12722.05337,12535.1994,13064.36322,17903.66667
2002/4/29,20363,14781.23736,12591.25559,12905.61408,20354.33333
2002/4/30,21114,16455.76615,13248.25012,12811.30653,20820.33333
2002/5/1,20984,17853.23631,14210.50493,12942.38961,20753
2002/5/2,20161,18792.46541,15303.32434,13322.8242,20097.66667
2002/5/3,19148,19203.02579,16350.06666,13916.97425,18670.66667
2002/5/4,16703,19186.51805,17205.9544,14646.90197,17808.33333
2002/5/5,17574,18441.46264,17800.1235,15414.6177,16911
2002/5/6,16456,18181.22385,17992.52524,16130.26944,16610.33333
2002/5/7,15801,17663.65669,18049.13482,16688.94618,16074
2002/5/8,15965,17104.85968,17933.49138,17097.00277,15932.33333
2002/5/9,16031,16762.90178,17684.90187,17347.94935,16041.33333
2002/5/10,16128,16543.33125,17408.30184,17449.03511,16203.66667
2002/5/11,16452,16418.73187,17148.81066,17436.81513,16437.66667
2002/5/12,16733,16428.71231,16929.78703,17350.41379,16678.66667
2002/5/13,16851,16519.99862,16779.46461,17224.22576,16549.66667
2002/5/14,16065,16619.29903,16701.62481,17090.79742,16585.33333
2002/5/15,16840,16453.00932,16676.92708,16974.04564,16576.66667
2002/5/16,16825,16569.10653,16609.75175,16884.91007,16784
2002/5/17,16687,16645.87457,16597.55818,16802.36257,16677.66667
2002/5/18,16521,16658.2122,16612.0531,16740.92126,16505
2002/5/19,16307,16617.04854,16625.90083,16702.26081,16348.66667
2002/5/20,16218,16524.03398,16623.24514,16679.35282,16223.66667
2002/5/21,16146,16432.22378,16593.48179,16662.52051,16150.66667
2002/5/22,16088,16346.35665,16545.10439,16641.8089,16108.33333
2002/5/23,16091,16268.84965,16485.48007,16612.79754,15879.33333
2002/5/24,15459,16215.49476,16420.49094,16574.6023,15944.33333
2002/5/25,16283,15988.54633,16358.99209,16528.36889,16045.33333
2002/5/26,16394,16076.88243,16247.85836,16477.55585,16417.66667
2002/5/27,16576,16172.0177,16196.56558,16408.6466,16575.33333
2002/5/28,16756,16293.21239,16189.20122,16345.0223,16720.66667
2002/5/29,16830,16432.04867,16220.40457,16298.27597,16924
2002/5/30,17186,16551.43407,16283.8978,16274.91455,17142
2002/5/31,17410,16741.80385,16364.15868,16277.60953,17354.66667
2002/6/1,17468,16942.2627,16477.45223,16303.57427,17550.33333
2002/6/2,17773,17099.98389,16616.89537,16355.73766,17293.66667
2002/6/3,16640,17301.88872,16761.82193,16434.08497,17400.66667
2002/6/4,17789,17103.3221,16923.84196,16532.40606,17351
2002/6/5,17624,17309.02547,16977.68601,16649.83683,17574.66667
2002/6/6,17311,17403.51783,17077.08785,16748.19158,17216
2002/6/7,16713,17375.76248,17175.01684,16846.86046,16571.33333
2002/6/8,15690,17176.93374,17235.24053,16945.30738,15709.66667
2002/6/9,14726,16730.85362,17217.74849,17032.28732,15043.66667
2002/6/10,14715,16129.39753,17071.68003,17087.92567,14678
2002/6/11,14593,15705.07827,16788.99528,17083.05198,14644.33333
2002/6/12,14625,15371.45479,16463.82018,16994.83497,14186.66667
2002/6/13,13342,15147.51835,16136.11056,16835.53053,14154
2002/6/14,14495,14605.86285,15839.5329,16625.70454,14170
2002/6/15,14673,14572.60399,15469.43188,16389.85305,14578.33333
2002/6/16,14567,14602.7228,15200.38352,16113.7267,14399.66667
2002/6/17,13959,14592.00596,15021.0853,15839.72374,13933.66667
2002/6/18,13275,14402.10417,14892.3615,15594.13221,13247.33333
2002/6/19,12508,14063.97292,14745.2843,15383.601,12302.33333
2002/6/20,11124,13597.18104,14540.89088,15192.10599,11228.33333
2002/6/21,10053,12855.22673,14257.77793,14996.74146,10000
2002/6/22,8823,12014.55871,13837.01257,14775.0524,8300.333333
2002/6/23,6025,11057.0911,13290.27641,14493.64045,6876
2002/6/24,5780,9547.463768,12620.32082,14132.63124,5335.333333
2002/6/25,4201,8417.224638,11698.4637,13678.93811,4121.333333
2002/6/26,2383,7152.357247,10714.09198,13084.79579,2663.666667
2002/6/27,1407,5721.550073,9645.571563,12373.58465,1637.666667
2002/6/28,1123,4427.185051,8468.365116,11555.18072,1265
